Nome,Marca,GTIN,Codigo,Sub_categoria,Preco_unitario,Preco_com_desconto,Preco_pix,Desconto,Desconto_com_pix,Link
Blephagel 40g,União Química,3662042000249,,,129.9,109.83,109.83,20.07,20.07,https://www.drogariaveracruz.com.br/gel-para-higiene-dos-olhos-blephagel-40g/p
Renu Fresh Solução Multiuso 355ml + 120ml + Estojo para Lentes,Bausch &amp; Lomb,7896046381004,,,49.9,35.56,35.56,14.34,14.34,https://www.drogariaveracruz.com.br/solucao-multiuso-renu-fresh-355ml-120ml-estojo-para-lentes/p
Aradois 50mg 30 comprimidos revestidos,Biolab Sanus,7896112486787,,,57.29,4.9,4.9,52.39,52.39,https://www.drogariaveracruz.com.br/aradois-50mg-30-comprimidos-revestidos/p
Glifage XR 500mg 30 comprimidos de liberação prolongada,Merck,7891721201806,,,11.95,7.27,7.27,4.68,4.68,https://www.drogariaveracruz.com.br/glifage-xr-500mg-30-comprimidos-de-liberacao-prolongada/p
Niquitin 21mg 7 adesivos transdérmicos transparentes,Gsk,7898928257032,,,132.44,100.07,100.07,32.37,32.37,https://www.drogariaveracruz.com.br/niquitin-21mg-7-adesivos-transdermicos-transparentes/p
Probid 30 cápsulas,Apsen,7896637032209,,,88.9,84.46,84.46,4.44,4.44,https://www.drogariaveracruz.com.br/suplemento-alimentar-probid-30-capsulas/p
Slinda 4mg 3 blísteres com 28 comprimidos revestidos cada,Exeltis,7908134200552,,,311.61,233.86,233.86,77.75,77.75,https://www.drogariaveracruz.com.br/slinda-4mg-3-blisteres-com-28-comprimidos-revestidos-cada/p
Rivaroxabana 20mg EMS 30 comprimidos revestidos,Ems,7896004780511,,,242.26,29.07,27.62,213.19,214.64,https://www.drogariaveracruz.com.br/rivaroxabana-20mg-ems-30-comprimidos-revestidos/p
Materna Nestlé 30 comprimidos revestidos,Nestlé,7891045031257,,,75.9,65.62,65.62,10.28,10.28,https://www.drogariaveracruz.com.br/suplemento-vitaminico-nestle-materna-30-comprimidos-revestidos/p
Lactosil Flora 30 cápsulas,Apsen,7896637032247,,,59.9,56.91,56.91,2.99,2.99,https://www.drogariaveracruz.com.br/lactosil-flora-30-capsulas/p
Calcitran Triflex 30 comprimidos,Divcom Pharma,7898040329716,,,68.9,65.46,65.46,3.44,3.44,https://www.drogariaveracruz.com.br/suplemento-alimentar-calcitran-triflex-30-comprimidos/p
Salicetil Infantil 100mg 10 comprimidos,Brasterapica,7898100241897,,,2.25,1.05,1.05,1.2,1.2,https://www.drogariaveracruz.com.br/salicetil-infantil-100mg-10-comprimidos/p
Teste de Gravidez Confira 1un,Sanfarma,7898108640609,,,7.9,1.73,1.73,6.17,6.17,https://www.drogariaveracruz.com.br/teste-de-gravidez-confira-1un/p
Opti-Free Puremoist 300ml + 120ml + Estojo de Lentes,Novartis,300651361070,,,86.45,69.25,69.25,17.2,17.2,https://www.drogariaveracruz.com.br/solucao-de-desinfeccao-multiproposito-opti-free-puremoist-300ml-120ml-estojo-de-lentes/p
Previgrip Glóbulos Weleda 20g,Weleda,7893093083882,,,103.5,89.48,89.48,14.02,14.02,https://www.drogariaveracruz.com.br/previgrip-weleda-20g/p
Neosaldina Solução Oral 15ml,Neosaldina,7896094999985,,,48.17,35.24,35.24,12.93,12.93,https://www.drogariaveracruz.com.br/neosaldina-solucao-oral-15ml/p
Corus 50mg 30 comprimidos revestidos,Ache,7896181920410,,,14.75,4.48,4.48,10.27,10.27,https://www.drogariaveracruz.com.br/corus-50mg-30-comprimidos-revestidos/p
Ofolato 90 comprimidos,Hypera,7896094917408,,,175.9,150.39,150.39,25.51,25.51,https://www.drogariaveracruz.com.br/suplemento-alimentar-ofalato-90-comprimidos/p
VagiSoft 30g + 10 Aplicadores Descartáveis,Hertz,7896331706086,,,57.9,49.5,49.5,8.4,8.4,https://www.drogariaveracruz.com.br/gel-hidratante-intravaginal-vagisoft-30g-10-aplicadores-descartaveis/p
Niquitin 7mg 7 adesivos transdérmicos transparentes,Gsk,7898928257018,,,121.09,82.82,82.82,38.27,38.27,https://www.drogariaveracruz.com.br/niquitin-7mg-7-adesivos-transdermicos-transparentes/p
Coltrax 2mg/ml 3 ampolas com 2ml,Eurofarma,7891058021894,,,19.77,17.4,16.53,2.37,3.24,https://www.drogariaveracruz.com.br/coltrax-2mgml-3-ampolas-com-2ml/p
Loratadina 10mg Cimed 12 comprimidos,Cimed,7896523227573,,,21.54,5.12,5.12,16.42,16.42,https://www.drogariaveracruz.com.br/loratadina-10mg-cimed-12-comprimidos/p
Niquitin 14mg 7 adesivos transdérmicos transparentes,Gsk,7898928257025,,,126.78,99.97,99.97,26.81,26.81,https://www.drogariaveracruz.com.br/niquitin-14mg-7-adesivos-transdermicos-transparentes/p
Vitamina D3 2.000UI Althaia 30 cápsulas gel,Althaia,7898687730593,,,31.9,30.31,30.31,1.59,1.59,https://www.drogariaveracruz.com.br/suplemento-alimentar-althaia-vitamina-d3-2000ui-30-capsulas-gel/p
Cafiaspirina 4 comprimidos,Bayer,7891106900775,,,7.64,6.6,6.6,1.04,1.04,https://www.drogariaveracruz.com.br/analgesico-cafiaspirina-4-comprimidos/p
Digeliv 400GaIU 30 sachês com 2g cada,Apsen,7896637026222,,,100.29,68.6,68.6,31.69,31.69,https://www.drogariaveracruz.com.br/digeliv-400-gaiu-30-saches-com-2g-cada/p
Previgrip Weleda 50ml,Weleda,7893093016354,,,103.5,91.45,91.45,12.05,12.05,https://www.drogariaveracruz.com.br/previgrip-weleda-50ml/p
"Neosoro 0,5mg/ml 30ml",Neo Quimica,7896714231143,,,12.14,4.62,4.62,7.52,7.52,https://www.drogariaveracruz.com.br/neosoro-05mgml-30ml/p
Sinudoron Weleda 80 comprimidos,Weleda,7893093067196,,,97.5,85.22,85.22,12.28,12.28,https://www.drogariaveracruz.com.br/sinudoron-weleda-80-comprimidos/p
Glargilin 100ui/ml 1 caneta descartável preenchida com 3ml de solução injetável,Bionn,7898616360303,,,76.63,64.06,64.06,12.57,12.57,https://www.drogariaveracruz.com.br/glargilin-100uiml-1-caneta-descartavel-preenchida-com-3ml-de-solucao-injetavel/p
Suplemento Alimentar Ofolato D Fer 2000UI 30 comprimidos,Ofolato,7896094919662,,,121.9,115.81,115.81,6.09,6.09,https://www.drogariaveracruz.com.br/suplemento-alimentar-ofolato-d-fer-2000ui-30-comprimidos/p
"Nitrato de Prata Bastão 90,0% Ifal 0,8g",Ifal,7898016410066,,,43.5,37.19,37.19,6.31,6.31,https://www.drogariaveracruz.com.br/nitrato-de-prata-bastao-900-ifal-08g/p
Jardiance 25mg 30 comprimidos revestidos,Boehringer,7896026306188,,,321.27,305.21,305.21,16.06,16.06,https://www.drogariaveracruz.com.br/jardiance-25mg-30-comprimidos-revestidos/p
Infludoron Glóbulos Weleda 20g,Weleda,7893093083677,,,96.95,85.65,85.65,11.3,11.3,https://www.drogariaveracruz.com.br/infludoron-globulos-weleda-20g/p
Forxiga 10mg 30 comprimidos revestidos,Astrazeneca,5000456028561,,,236.96,168.83,168.83,68.13,68.13,https://www.drogariaveracruz.com.br/forxiga-10mg-30-comprimidos-revestidos/p
Citoneurin 5.000 90 comprimidos revestidos,Procter&amp;Gamble,7500435230971,,,269.76,205.02,205.02,64.74,64.74,https://www.drogariaveracruz.com.br/citoneurin-5000-90-drageas/p
Arnica Weleda 80 comprimidos,Weleda,7893093067134,,,98.5,93.58,93.58,4.92,4.92,https://www.drogariaveracruz.com.br/arnica-weleda-80-comprimidos/p
Indux 50mg 10 comprimidos,Sigma Pharma,7894916501408,,,78.67,62.78,62.78,15.89,15.89,https://www.drogariaveracruz.com.br/indux-50mg-10-comprimidos/p
Dimetigass Gotas 75mg 15ml,Cimed,7896523212524,,,6.99,3.71,3.71,3.28,3.28,https://www.drogariaveracruz.com.br/dimetigass-gotas-75mg-15ml/p
"Diad 1,5mg 1 comprimido",Cimed,7896523216812,,,22.82,3.47,3.47,19.35,19.35,https://www.drogariaveracruz.com.br/diad-15mg-1-comprimido/p
Caltrate Ca 600mg + D3 200 UI 60 comprimidos revestidos,Gsk,7896009498534,,,146.75,117.11,117.11,29.64,29.64,https://www.drogariaveracruz.com.br/caltrate-ca-600mg-d3-200-ui-60-comprimidos-revestidos/p
Femibion 1 28 comprimidos,Procter&amp;Gamble,7500435185011,,,110.9,70.21,70.21,40.69,40.69,https://www.drogariaveracruz.com.br/suplemento-alimentar-femibion-1-28-comprimidos/p
"Atensina 0,100mg 30 comprimidos",Boehringer,7896026300162,,,10.69,8.43,8.43,2.26,2.26,https://www.drogariaveracruz.com.br/atensina-0100mg-30-comprimidos/p
Naturetti 16 cápsulas,Hypera,7896714292168,,,70.45,54.88,54.88,15.57,15.57,https://www.drogariaveracruz.com.br/laxante-fitoterapico-naturetti-16-capsulas/p
Ellura 200mg 30 cápsulas,Biolab,7896112406617,,,189.23,156.4,156.4,32.83,32.83,https://www.drogariaveracruz.com.br/ellura-200mg-30-capsulas/p
Doss 15.000UI 04 cápsulas gelatinosas moles,Biolab Sanus,7896112403258,,,41.28,28.23,28.23,13.05,13.05,https://www.drogariaveracruz.com.br/doss-15000ui-30-capsulas-gelatinosas-moles/p
Minel 200mg 30 comprimidos revestidos,Arese Pharma,7899824400331,,,179.71,131.46,131.46,48.25,48.25,https://www.drogariaveracruz.com.br/minel-200mg-30-comprimidos-revestidos/p
Ginkgo Biloba Catarinense 80mg 30 comprimidos,Catarinense,7896023743009,,,26.9,22.23,22.23,4.67,4.67,https://www.drogariaveracruz.com.br/ginkgo-biloba-catarinense-80mg-30-comprimidos/p
Contractubex Gel 20g,Biolab Sanus,7896112403418,,,139.9,118.28,118.28,21.62,21.62,https://www.drogariaveracruz.com.br/contractubex-gel-20g/p
Supositório de Glicerina Granado Adulto 12un,Casa Granado,7896512901392,,,31.9,25.76,25.76,6.14,6.14,https://www.drogariaveracruz.com.br/supositorio-de-glicerina-granado-adulto-12un/p
Puran T4 50mcg 30 comprimidos,Sanofi,7897595901316,,,20.4,13.96,13.96,6.44,6.44,https://www.drogariaveracruz.com.br/puran-t4-50mcg-30-comprimidos/p
Humulin N NPH 100UI/ml 2 Refis de 3ml cada,Eli Lilly,7896382703317,,,94.67,53.96,53.96,40.71,40.71,https://www.drogariaveracruz.com.br/humulin-n-nph-100uiml-2-refis-de-3ml-cada/p
Plenance EZE 5mg+10mg 30 Cápsulas,Libbs,7896094210028,,,84.14,63.15,63.15,20.99,20.99,https://www.drogariaveracruz.com.br/plenance-eze-5mg10mg-30-capsulas/p
Sal de Frutas Eno Tradicional 2 envelopes com 5g,Eno,7896015511159,,,4.94,3.8,3.8,1.14,1.14,https://www.drogariaveracruz.com.br/sal-de-frutas-eno-tradicional-2-envelopes-com-5g/p
Cimegripe 20 cápsulas,Cimed,7896523200576,,,29.43,13.21,13.21,16.22,16.22,https://www.drogariaveracruz.com.br/cimegripe-20-capsulas/p
"Cataflam Pro XT 23,2mg/g Emugel 100g",Cataflam,7896261019348,,,88.94,68.44,68.44,20.5,20.5,https://www.drogariaveracruz.com.br/cataflam-pro-xt-232mgg-emugel-100g/p
Dorflex 10 comprimidos,Sanofi,7891058002916,,,8.09,6.92,6.92,1.17,1.17,https://www.drogariaveracruz.com.br/analgesico-dorflex-10-comprimidos/p
ABC Spray 10mg/ml 30ml,,7896331702583,,,49.11,26.59,26.59,22.52,22.52,https://www.drogariaveracruz.com.br/abc-spray-incolor-10mgml-30ml/p
"Naridrin 12 Horas 1mg/ml + 0,2mg/ml + 5mg/ml 30ml",Ems,7896004714578,,,38.53,18.91,18.91,19.62,19.62,https://www.drogariaveracruz.com.br/solucao-nasal-naridrin-12-horas-1mgml-02mgml-5mgml-30ml/p
Apresolina 50mg 20 drágeas,Genom,7896261000223,,,14.1,10.98,10.98,3.12,3.12,https://www.drogariaveracruz.com.br/apresolina-50mg-20-drageas/p
Flebodia 600mg 30 comprimidos revestidos,Gross,3400970002146,,,165.46,130.46,130.46,35.0,35.0,https://www.drogariaveracruz.com.br/flebodia-600mg-30-comprimidos-revestidos/p
"Aerolin 100mcg/dose 200 doses 14,6 ml",Gsk,7896269900150,,,26.9,22.23,22.23,4.67,4.67,https://www.drogariaveracruz.com.br/aerolin-100mcgdose-200-doses-146-ml/p
Analgésico Dorflex 36 comprimidos,Sanofi,7891058017507,,,23.74,18.89,18.89,4.85,4.85,https://www.drogariaveracruz.com.br/analgesico-dorflex-36-comprimidos/p
Gotas Preciosas 30ml,Hertz,7896331700404,,,23.5,16.3,16.3,7.2,7.2,https://www.drogariaveracruz.com.br/gotas-preciosas-30ml/p
Solução para Lentes Rígidas Boston Simplus Multiação 120ml,Bausch &amp; Lomb,310119052440,,,93.5,73.73,73.73,19.77,19.77,https://www.drogariaveracruz.com.br/solucao-para-lentes-rigidas-boston-simplus-multiacao-120ml/p
Apresolina 25mg 20 drágeas,Genom,7896006220534,,,10.53,8.41,8.41,2.12,2.12,https://www.drogariaveracruz.com.br/apresolina-25mg-20-drageas/p
"Puran T4 37,5mcg 30 comprimidos",Sanofi,7891058003562,,,11.67,8.21,8.21,3.46,3.46,https://www.drogariaveracruz.com.br/puran-t4-375mcg-30-comprimidos/p
Doss 2.000UI Vitamina D3 30 cápsulas gelatinosas moles,Biolab Sanus,7896112402343,,,44.3,42.09,42.09,2.21,2.21,https://www.drogariaveracruz.com.br/suplemento-alimentar-doss-2000ui-vitamina-d3-30-capsulas-gelatinosas-moles/p
LuftaGastroPro Sachê 10ml,Luftagastro,7891035650130,,,4.79,3.82,3.82,0.97,0.97,https://www.drogariaveracruz.com.br/luftagastropro-sache-10ml/p
"Atensina 0,150mg 30 comprimidos",Boehringer,7898968453104,,,12.99,10.36,10.36,2.63,2.63,https://www.drogariaveracruz.com.br/atensina-0150mg-30-comprimidos/p
"Metamucil Sabor Laranja 10 sachês com 5,85g",Procter&amp;Gamble,20800750165,,,73.23,64.0,64.0,9.23,9.23,https://www.drogariaveracruz.com.br/metamucil-sabor-laranja-10-saches-com-585g/p
Melagrião Xarope 150ml,Catarinense,7896023719899,,,20.9,13.67,13.67,7.23,7.23,https://www.drogariaveracruz.com.br/xarope-melagriao-150ml/p
Puran T4 75mcg 30 comprimidos,Sanofi,7897595901323,,,22.26,15.44,15.44,6.82,6.82,https://www.drogariaveracruz.com.br/puran-t4-75mcg-30-comprimidos/p
DuploStat 800mg Abbott 60 Cápsulas Gelatinosas Moles,Abbott,7898590870201,,,125.9,106.45,106.45,19.45,19.45,https://www.drogariaveracruz.com.br/duplostat-800mg-abbott-60-capsulas-gelatinosas-moles/p
Muvinlax Sabor Limão 20 sachês,Libbs,7896094201637,,,60.02,50.75,50.75,9.27,9.27,https://www.drogariaveracruz.com.br/laxante-muvinlax-sabor-limao-20-saches-com-14g/p
Labirin 24mg 30 comprimidos,Apsen,7896637028523,,,34.57,16.43,16.43,18.14,18.14,https://www.drogariaveracruz.com.br/labirin-24mg-30-comprimidos/p
Torsilax Neo Química 30 comprimidos,Neo Quimica,7896714200804,,,36.13,15.45,15.45,20.68,20.68,https://www.drogariaveracruz.com.br/torsilax-neo-quimica-30-comprimidos/p
Lactolínea 667mg/ml Sabor Ameixa 120ml,Cimed,7897947612808,,,23.99,16.63,16.63,7.36,7.36,https://www.drogariaveracruz.com.br/lactolinea-667mgml-sabor-ameixa-120ml/p
Nootropil 800mg 30 comprimidos revestidos,Sanofi,7896070603271,,,48.15,36.59,36.59,11.56,11.56,https://www.drogariaveracruz.com.br/nootropil-800mg-30-comprimidos-revestidos/p
Kalonat 20% 10ml,Natulab,7899470807997,,,18.99,13.71,13.71,5.28,5.28,https://www.drogariaveracruz.com.br/kalonat-10ml/p
Salonpas Adesivos Pequeno 10un,Salonpas,7896227800898,,,11.17,9.23,9.23,1.94,1.94,https://www.drogariaveracruz.com.br/adesivos-salonpas-pequeno-10un/p
Probiótico ProHN 30 cápsulas,Ache,7896658036392,,,125.6,106.19,106.19,19.41,19.41,https://www.drogariaveracruz.com.br/probiotico-prohn-30-capsulas/p
Sal de Frutas Eno Laranja 2 envelopes com 5g,Eno,7896015511166,,,4.94,3.8,3.8,1.14,1.14,https://www.drogariaveracruz.com.br/sal-de-frutas-eno-laranja-2-envelopes-com-5g/p
Prolive 30 cápsulas,Ache,7896658025112,,,135.95,111.07,111.07,24.88,24.88,https://www.drogariaveracruz.com.br/prolive-30-capsulas/p
Inilok 40mg Apsen 60 comprimidos,,7896637031516,,,132.95,87.15,87.15,45.8,45.8,https://www.drogariaveracruz.com.br/inilok-40mg-apsen-60-comprimidos/p
"Vecasten 26,7mg 30 comprimidos",Marjan,7896226109435,,,149.62,110.87,110.87,38.75,38.75,https://www.drogariaveracruz.com.br/vecasten-267mg-30-comprimidos/p
Bifilac GeFlora Probióticos 14 sticks,Hypera,7891142206718,,,86.9,82.56,82.56,4.34,4.34,https://www.drogariaveracruz.com.br/suplemento-alimentar-em-po-bifilac-geflora-14-sticks/p
AAS Protect 100mg 30 comprimidos revestidos de liberação entérica,Sanofi,7896094928046,,,23.27,20.12,20.12,3.15,3.15,https://www.drogariaveracruz.com.br/aas-protect-100mg-30-comprimidos-revestidos-de-liberacao-enterica/p
Rosucor EZE 20mg + 10mg 30 cápsulas duras,,8903855092805,,,110.04,83.63,83.63,26.41,26.41,https://www.drogariaveracruz.com.br/rosucor-eze-20mg-10mg-30-capsulas-duras/p
Antiverrugas Pointts 80ml,Genomma,0650240030499,,,181.9,164.17,164.17,17.73,17.73,https://www.drogariaveracruz.com.br/antiverrugas-pointts-80ml/p
"Viofta 0,15% 10ml",Legrand,7896004773759,,,68.9,37.91,37.91,30.99,30.99,https://www.drogariaveracruz.com.br/viofta-015-10ml/p
Chá Stilgrip Sabor Mel e Limão 5g,Hertz,7896331701029,,,3.35,1.94,1.94,1.41,1.41,https://www.drogariaveracruz.com.br/cha-stilgrip-sabor-mel-e-limao-5g/p
"PlantaBen 3,5g Pó Efervescente Sabor Laranja 30 envelopes",Takeda,7898560664267,,,196.97,160.92,160.92,36.05,36.05,https://www.drogariaveracruz.com.br/plantaben-35g-sabor-artificial-laranja-po-efervescente-30-envelopes-com-5g-cada/p
Lufta GastroPro 12 sachês com 10ml,Luftagastro,7891035650147,,,49.59,38.63,38.63,10.96,10.96,https://www.drogariaveracruz.com.br/lufta-gastropro-12-saches-com-10ml/p
Alginac 1.000 15 comprimidos revestidos,Procter&amp;Gamble,7891721013010,,,37.63,30.03,30.03,7.6,7.6,https://www.drogariaveracruz.com.br/alginac-1000-15-comprimidos-revestidos/p
Ablok 25mg 30 comprimidos,Biolab Sanus,7896241221853,,,15.85,2.56,2.56,13.29,13.29,https://www.drogariaveracruz.com.br/ablok-25mg-30-comprimidos/p
Oscillococcinum 30 Tubos,Boiron,7898927111090,,,289.9,267.14,267.14,22.76,22.76,https://www.drogariaveracruz.com.br/oscillococcinum-30-tubos/p
Sulfato Ferroso 125mg/ml Arte Nativa Sabor Framboesa 30ml,Arte Nativa,7898277713302,,,9.9,6.49,6.49,3.41,3.41,https://www.drogariaveracruz.com.br/suplemento-alimentar-sulfato-ferroso-125mgml-arte-nativa-sabor-framboesa-30ml/p
"Gaze de Rayon Pielsana 7,5cm X 7,5cm 3ml",Dbs Ind E Com Ltda,7898906846302,,,6.5,5.13,5.13,1.37,1.37,https://www.drogariaveracruz.com.br/oleo-sachet-pielsana-75cm-x-75cm-3ml/p
Sal de Andrews Efervescente 1 envelope com 5g,Gsk,7896015592356,,,2.0,1.81,1.81,0.19,0.19,https://www.drogariaveracruz.com.br/sal-de-andrews-efervescente-1-envelope-com-5g/p
"Puran T4 62,5mcg 30 comprimidos",Sanofi,7891058003579,,,19.42,13.47,13.47,5.95,5.95,https://www.drogariaveracruz.com.br/puran-t4-625mcg-30-comprimidos/p
Lacday 10.000 FCC ALU EMS 60 comprimidos mastigáveis,Sigma Pharma,7896004759975,,,109.9,88.75,88.75,21.15,21.15,https://www.drogariaveracruz.com.br/lacday-10000-fcc-alu-ems-60-comprimidos-mastigaveis/p
Salonpas Adesivos Gel-Patch 3un,Hisamitsu,4987188501115,,,19.3,14.16,14.16,5.14,5.14,https://www.drogariaveracruz.com.br/salonsip-empalastro-gelatinoso-3un/p
Loratamed 10mg Cimed 12 comprimidos,Cimed,7896523202822,,,22.44,4.84,4.84,17.6,17.6,https://www.drogariaveracruz.com.br/loratamed-10mg-cimed-12-comprimidos/p
Novolin R 100UI/ml 1 ampola com 10ml,Novo Nordisk,7897705203224,,,67.36,63.99,63.99,3.37,3.37,https://www.drogariaveracruz.com.br/novolin-r-100uiml-1-ampola-com-10ml/p
Plenance EZE 20mg+10mg 30 Cápsulas,Libbs,7896094210080,,,139.11,104.41,104.41,34.7,34.7,https://www.drogariaveracruz.com.br/plenance-eze-20mg10mg-30-capsulas/p
Puran T4 100mcg 30 comprimidos,Sanofi,7897595901033,,,17.36,12.04,12.04,5.32,5.32,https://www.drogariaveracruz.com.br/puran-t4-100mcg-30-comprimidos/p
Salonpas Adesivos Pequeno 4un,Salonpas,7896227800881,,,4.98,4.11,4.11,0.87,0.87,https://www.drogariaveracruz.com.br/adesivos-salonpas-pequeno-4un/p
"Spray Nasal Snif Jet 0,9% 100ml",Eurofarma,7891317010003,,,38.5,36.58,36.58,1.92,1.92,https://www.drogariaveracruz.com.br/spray-nasal-snif-jet-09-100ml/p
Andriodermol 50ml,União Química,7896006214007,,,26.32,21.76,21.76,4.56,4.56,https://www.drogariaveracruz.com.br/andriodermol-50ml/p
"Clob - X 0,5mg/ml Shampoo 125ml",Galderma,7897930761162,,,198.85,156.8,156.8,42.05,42.05,https://www.drogariaveracruz.com.br/clob-x-05mgml-shampoo-125ml/p
Humulin N NPH 100UI/ml 1 ampola com 10ml,Eli Lilly,7896382700583,,,87.81,67.57,67.57,20.24,20.24,https://www.drogariaveracruz.com.br/humulin-n-nph-100uiml-1-ampola-com-10ml/p
Expec Xarope Sabor Framboesa e Caramelo 120ml,Legrand,7896004812168,,,51.79,23.2,23.2,28.59,28.59,https://www.drogariaveracruz.com.br/xarope-expec-sabor-framboesa-e-caramelo-120ml/p
Bicarbonato de Sódio ADV 100g,Adv,7896230303676,,,9.49,6.94,6.94,2.55,2.55,https://www.drogariaveracruz.com.br/bicarbonato-de-sodio-adv-100g/p
CataflamPRO Emulgel 150g,Cataflam,7896261018310,,,85.41,67.35,67.35,18.06,18.06,https://www.drogariaveracruz.com.br/analgesico-cataflampro-emugel-150g/p
Varivax 300mg 30 comprimidos,Natulab,7899470803975,,,72.5,43.4,43.4,29.1,29.1,https://www.drogariaveracruz.com.br/varivax-300mg-30-comprimidos/p
Almeida Prado N°46 60 comprimidos,Almeida Prado,7898037080460,,,41.83,31.0,31.0,10.83,10.83,https://www.drogariaveracruz.com.br/complexo-homeopatico-almeida-prado-n-46-60-comprimidos/p
Doss Zinco 2000UI + 20mg 60 cápsulas gelatinosas moles,Biolab Sanus,7896112407034,,,69.9,66.41,66.41,3.49,3.49,https://www.drogariaveracruz.com.br/doss-zinco-2000ui-20mg-60-capsulas-gelatinosas-moles/p
Glifage XR 850mg 30 comprimidos de liberação prolongada,Merck,7891721201530,,,42.48,32.28,32.28,10.2,10.2,https://www.drogariaveracruz.com.br/glifage-xr-850mg-30-comprimidos-de-liberacao-prolongada/p
Slow - K 600mg 20 drágeas,Genom,7896261006553,,,19.29,15.94,15.94,3.35,3.35,https://www.drogariaveracruz.com.br/slow-k-600mg-20-drageas/p
Aspirina Prevent 100mg 30 comprimidos revestidos,Daudt,7891106001946,,,24.47,20.69,20.69,3.78,3.78,https://www.drogariaveracruz.com.br/aspirina-prevent-100mg-30-comprimidos-revestidos/p
Anya 1mg 30 comprimidos,Sun Farmacêutica,7898272945692,,,1327.01,25.21,25.21,1301.8,1301.8,https://www.drogariaveracruz.com.br/anya-1mg-30-comprimidos/p
Suplemento Alimentar Lipomax Cromo 60 cápsulas,Lipomax,7898040328474,,,47.9,45.51,45.51,2.39,2.39,https://www.drogariaveracruz.com.br/suplemento-alimentar-lipomax-cromo-60-capsulas/p
Citoneurin 5.000 100mg + 100mg + 5.000mcg 60 comprimidos revestidos,Procter&amp;Gamble,7891721029394,,,199.85,142.4,142.4,57.45,57.45,https://www.drogariaveracruz.com.br/citoneurin-5000-100mg-100mg-5000mcg-60-drageas/p
Inilok 40mg Apsen 30 Comprimidos,Apsen,7896637031509,,,73.85,45.6,45.6,28.25,28.25,https://www.drogariaveracruz.com.br/inilok-40mg-apsen-30-comprimidos/p
"Concor HCT 5mg + 12,5mg 30 comprimidos revestidos",Merck,7891721026706,,,148.41,91.65,91.65,56.76,56.76,https://www.drogariaveracruz.com.br/concor-hct-5mg-125mg-30-comprimidos-revestidos/p
Sonrisal Sabor Tradicional 2 comprimidos efervescentes,Gsk,7896015520533,,,2.99,2.24,2.24,0.75,0.75,https://www.drogariaveracruz.com.br/antiacido-sonrisal-sabor-tradicional-2-comprimidos-efervescentes/p
Probiótico GinoBiotta Com 30 cápsulas,Marjan,7896226110561,,,157.9,123.09,123.09,34.81,34.81,https://www.drogariaveracruz.com.br/suplemento-alimentar-ginobiotta-30-capsulas/p
Almeida Prado N 28 60 Comprimidos,Almeida Prado,7898037080286,,,33.9,28.34,28.34,5.56,5.56,https://www.drogariaveracruz.com.br/complexo-homeopatico-almeida-prado-n-28-60-comprimidos/p
Dozemast Mecobalamina 1000mcg Com 30 Comprimidos Sublinguais,Marjan,7896226108926,,,104.46,72.58,72.58,31.88,31.88,https://www.drogariaveracruz.com.br/dozemast-1000mcg-30-comprimidos-sublinguais/p
Ritmoneuran RTM 20 Cápsulas,Hertz,7896331707946,,,26.5,21.65,21.65,4.85,4.85,https://www.drogariaveracruz.com.br/ritmoneuran-rtm-20-capsulas/p
Actonel Chronos 35mg 4 comprimidos revestidos de liberação retardada,Sanofi,5060632506146,,,271.82,206.59,206.59,65.23,65.23,https://www.drogariaveracruz.com.br/actonel-chronos-35mg-4-comprimidos-revestidos-de-liberacao-retardada/p
Novalgina 1g 10 comprimidos,Sanofi,7891058001155,,,24.27,20.99,20.99,3.28,3.28,https://www.drogariaveracruz.com.br/analgesico-novalgina-1g-10-comprimidos/p
Chá Vick Pyrena Sabor Mel e Limão 5g,Vick,7896093001054,,,4.39,3.84,3.84,0.55,0.55,https://www.drogariaveracruz.com.br/cha-vick-pyrena-sabor-mel-e-limao-5g/p
Puran T4 125mcg 30 comprimidos,Sanofi,7897595901446,,,25.49,17.68,17.68,7.81,7.81,https://www.drogariaveracruz.com.br/puran-t4-125mcg-30-comprimidos-11882/p
Lacto-Purga 16 comprimidos revestidos,Hypera,7896094904118,,,14.18,12.53,12.53,1.65,1.65,https://www.drogariaveracruz.com.br/lacto-purga-16-comprimidos-revestidos/p
Rosucor EZE 10mg + 10mg 30 cápsulas duras,,8903855092782,,,79.75,60.61,60.61,19.14,19.14,https://www.drogariaveracruz.com.br/rosucor-eze-10mg-10mg-30-capsulas-duras/p
Varicell 500mg 30 cápsulas,Divcom Pharma,7898040328535,,,63.44,44.6,44.6,18.84,18.84,https://www.drogariaveracruz.com.br/varicell-phyto-500mg-30-capsulas/p
Alenia Refil 12mcg + 400mcg 60 cápsulas inalatórias,Ache,7896181918943,,,159.89,151.9,151.9,7.99,7.99,https://www.drogariaveracruz.com.br/alenia-refil-12mcg-400mcg-60-capsulas-inalatorias/p
Femibion 2 28 comprimidos + 28 cápsulas,Procter&amp;Gamble,7500435185028,,,151.45,94.91,94.91,56.54,56.54,https://www.drogariaveracruz.com.br/suplemento-alimentar-femibion-2-28-comprimidos-28-capsulas/p
Flexalgin 300mg + 125mg + 50mg + 30mg 30 comprimidos,Geolab,7899095201255,,,32.1,17.09,17.09,15.01,15.01,https://www.drogariaveracruz.com.br/flexalgin-300mg-125mg-50mg-30mg-30-comprimidos/p
Tanakan 120mg 30 comprimidos revestidos,Abbott,7896255764933,,,367.35,275.7,275.7,91.65,91.65,https://www.drogariaveracruz.com.br/tanakan-120mg-30-comprimidos-revestidos/p
Vitamina D3 50.000UI Althaia 10 Cápsulas Moles,Althaia,7898569765828,,,143.01,54.34,54.34,88.67,88.67,https://www.drogariaveracruz.com.br/vitamina-d3-50000ui-althaia-10-capsulas-moles/p
Pradaxa 75mg 30 cápsulas,Boehringer,7896026303088,,,209.27,157.05,157.05,52.22,52.22,https://www.drogariaveracruz.com.br/pradaxa-75mg-30-capsulas/p
Diupress 25mg + 5mg 30 comprimidos,Supera,7891317010065,,,46.27,35.17,35.17,11.1,11.1,https://www.drogariaveracruz.com.br/diupress-25mg-5mg-30-comprimidos/p
Colic Calm Suspensão Oral 59ml,Colic Calm,7898014567410,,,174.9,128.97,128.97,45.93,45.93,https://www.drogariaveracruz.com.br/colic-calm-suspensao-oral-59ml/p
"Óleo Sachet Pielsana 7,5cm X 15cm 5ml",Dbs Ind E Com Ltda,7898906846494,,,8.5,6.46,6.46,2.04,2.04,https://www.drogariaveracruz.com.br/oleo-sachet-pielsana-75cm-x-15cm-5ml/p
Eniagor 50mg/ml Solução Capilar Refil 50ml,Apsen,7896637032797,,,55.35,34.7,34.7,20.65,20.65,https://www.drogariaveracruz.com.br/eniagor-50mgml-solucao-capilar-refil-50ml/p
Salonpas Adesivos Grande 4 unidades,Salonpas,7896227800867,,,17.83,14.4,14.4,3.43,3.43,https://www.drogariaveracruz.com.br/adesivos-salonpas-grande-4un/p
Azukon MR 30mg 100 comprimidos de liberação prolongada,Torrent,8903855082455,,,69.29,48.05,48.05,21.24,21.24,https://www.drogariaveracruz.com.br/azukon-mr-30mg-100-comprimidos-de-liberacao-prolongada/p
Metamucil Sabor Laranja 174g,Procter&amp;Gamble,20800750158,,,141.26,122.12,122.12,19.14,19.14,https://www.drogariaveracruz.com.br/fibra-metamucil-sabor-laranja-174g/p
"Lubrificante Ocular Laxime 0,15% 10ml",Ache,7896658034541,,,60.34,53.88,53.88,6.46,6.46,https://www.drogariaveracruz.com.br/lubrificante-ocular-laxime-015-10ml/p
"Avamys Spray Nasal 27,5mg 120 doses 9,1ml",Gsk,7896015518875,,,75.2,63.58,63.58,11.62,11.62,https://www.drogariaveracruz.com.br/avamys-spray-nasal-275mg-120-doses-91ml/p
Elixir Paregórico 30ml,Catarinense,7896023701436,,,28.01,16.5,16.5,11.51,11.51,https://www.drogariaveracruz.com.br/elixir-paregorico-30ml/p
Triancil 20mg/ml Solução Injetável 5 frascos-ampola com 1ml cada,Apsen,7896637022811,,,153.76,127.08,127.08,26.68,26.68,https://www.drogariaveracruz.com.br/triancil-20mgml-solucao-injetavel-5-frascos-ampola-com-1ml-cada/p
Neo Fólico 5mg Neo Química 20 comprimidos revestidos,Neo Quimica,7896714201108,,,13.71,8.85,8.85,4.86,4.86,https://www.drogariaveracruz.com.br/neo-folico-5mg-neo-quimica-20-comprimidos-revestidos/p
Buscopan Composto 20 comprimidos revestidos,Hypera,7896094921399,,,27.27,21.76,21.76,5.51,5.51,https://www.drogariaveracruz.com.br/buscopan-composto-20-comprimidos-revestidos/p
"Vitacid 0,25mg/g Gel 25g",Igefarma,7897129300516,,,45.52,36.76,36.76,8.76,8.76,https://www.drogariaveracruz.com.br/vitacid-025mgg-gel-25g/p
"Trezete 10mg + 10mg Aché, 30 comprimidos",Ache,7896658027123,,,94.4,74.43,74.43,19.97,19.97,https://www.drogariaveracruz.com.br/trezete-10mg-10mg-ache-30-comprimidos/p
Ad-Til Gotas 20ml,Hypera,7896094925144,,,22.95,20.05,20.05,2.9,2.9,https://www.drogariaveracruz.com.br/suplemento-vitaminico-ad-til-20ml/p
Azelan Gel 150mg/g 30g,Leofarma,5702191025637,,,93.73,77.47,77.47,16.26,16.26,https://www.drogariaveracruz.com.br/azelan-gel-150mgg-30g/p
Caldê 60 comprimidos mastigáveis,Marjan,7896226109305,,,115.75,109.96,109.96,5.79,5.79,https://www.drogariaveracruz.com.br/suplemento-vitaminico-calde-60-comprimidos-mastigaveis/p
Levoid 38mcg 30 comprimidos,Ache,7896658002076,,,12.26,9.79,9.79,2.47,2.47,https://www.drogariaveracruz.com.br/levoid-38mcg-30-comprimidos/p
Puran T4 88mcg 30 comprimidos,Sanofi,7897595903365,,,26.82,18.34,18.34,8.48,8.48,https://www.drogariaveracruz.com.br/puran-t4-88mcg-30-comprimidos/p
Probiatop 30 sachês com 1g,Farmoquimica,7898040323844,,,137.5,130.63,130.63,6.87,6.87,https://www.drogariaveracruz.com.br/probiatop-30-saches-com-1g/p
Calotrat Hertz Solução 5ml,Hertz,7896331702057,,,17.9,14.62,14.62,3.28,3.28,https://www.drogariaveracruz.com.br/calotrat-hertz-solucao-5ml/p
Dramin B6 30ml,Dramin,7896094922075,,,24.35,21.52,21.52,2.83,2.83,https://www.drogariaveracruz.com.br/dramin-b6-30ml/p
Teste de Gravidez Fast Test 1un,Cepalab,7898902708123,,,7.99,2.36,2.36,5.63,5.63,https://www.drogariaveracruz.com.br/teste-de-gravidez-fast-test-1un/p
Sonridor Caf 2 comprimidos efervescentes,Gsk,7896015517090,,,9.82,9.33,9.33,0.49,0.49,https://www.drogariaveracruz.com.br/analgesico-sonridor-caf-2-comprimidos-efervescentes/p
"Bramicar HCT 80mg + 12,5mg 60 comprimidos",Sigma Pharma,7894916513135,,,172.04,134.02,134.02,38.02,38.02,https://www.drogariaveracruz.com.br/bramicar-hct-80mg-125mg-60-comprimidos/p
Hidraplex Natulab Sabor Água de Coco 04 envelopes,Natulab,7898133137297,,,22.9,14.57,14.57,8.33,8.33,https://www.drogariaveracruz.com.br/hidraplex-natulab-sabor-agua-de-coco-04-envelopes/p
Neutrofer Prev 60ml,Ems,7894916513104,,,89.5,77.38,77.38,12.12,12.12,https://www.drogariaveracruz.com.br/suplemento-vitaminico-neutrofer-prev-60ml/p
Elixir Galenogal 150ml,Hertz,7896331707403,,,55.9,44.08,44.08,11.82,11.82,https://www.drogariaveracruz.com.br/elixir-galenogal-150ml/p
Tapazol 5mg 100 comprimidos,Biolab Sanus,7896241231616,,,39.09,30.08,30.08,9.01,9.01,https://www.drogariaveracruz.com.br/tapazol-5mg-100-comprimidos/p
Digeliv 400GaIU 15 comprimidos mastigáveis,,7896637032735,,,41.9,39.81,39.81,2.09,2.09,https://www.drogariaveracruz.com.br/digeliv-400gaiu-15-comprimidos-mastigaveis/p
Ozempic 1 mg 1 carpule de 3ml + 1 sistema para aplicação + 4 agulhas novofine,Novo Nordisk,7897705202586,,,1299.7,1234.72,1234.72,64.98,64.98,https://www.drogariaveracruz.com.br/ozempic-1-mg-1-carpule-de-3ml-1-sistema-para-aplicacao-4-agulhas-novofine/p
Apresolina 50mg 60 drágeas,Genom,7896006220503,,,42.33,32.97,32.97,9.36,9.36,https://www.drogariaveracruz.com.br/apresolina-50mg-60-drageas/p
Berotec 100mcg/ml 200 doses 10ml,Boehringer,7896026302784,,,35.13,29.71,29.71,5.42,5.42,https://www.drogariaveracruz.com.br/berotec-100mcgml-200-doses-10ml/p
Arnica Montana 6CH Almeida Prado Frasco com 13g,Almeida Prado,7898037084857,,,34.9,30.84,30.84,4.06,4.06,https://www.drogariaveracruz.com.br/arnica-montana-6ch-almeida-prado-frasco-com-13g/p
Neosaldina 30 drágeas,Neosaldina,7896094999992,,,46.07,28.41,28.41,17.66,17.66,https://www.drogariaveracruz.com.br/neosaldina-30-drageas/p
Calcitran D3 1000UI 60 comprimidos revestidos,Divcom Pharma,7898040329532,,,67.5,64.13,64.13,3.37,3.37,https://www.drogariaveracruz.com.br/suplemento-alimentar-calcitran-d3-1000ui-60-comprimidos-revestidos/p
Pepsamar Sabor Menta 10 comprimidos mastigáveis,Sanofi,7896714292137,,,9.0,7.95,7.95,1.05,1.05,https://www.drogariaveracruz.com.br/pepsamar-sabor-menta-10-comprimidos-mastigaveis/p
Óleo Mineral União Química 100ml,União Química,7896006277408,,,15.9,11.33,11.33,4.57,4.57,https://www.drogariaveracruz.com.br/oleo-mineral-uniao-quimica-100ml/p
Tandene 30 comprimidos,Bunker,7893454100685,,,30.98,14.13,14.13,16.85,16.85,https://www.drogariaveracruz.com.br/tandene-30-comprimidos/p
Venaflon 450mg + 50mg 60 comprimidos revestidos,Teuto,7896112116554,,,184.77,54.42,54.42,130.35,130.35,https://www.drogariaveracruz.com.br/venaflon-450mg-50mg-60-comprimidos-revestidos/p
Insulina Fiasp 100U FlexTouch 3ml Com 1 Caneta,Novo Nordisk,7897705202425,,,66.52,54.35,54.35,12.17,12.17,https://www.drogariaveracruz.com.br/insulina-fiasp-100u-flextouch-3ml-com-1-caneta/p
Livalo 4mg 60 comprimidos revestidos,Biolab Sanus,7896112406242,,,316.21,234.31,234.31,81.9,81.9,https://www.drogariaveracruz.com.br/livalo-4mg-60-comprimidos-revestidos/p
Utrogestan 100mg 30 cápsulas,Besins,7898040321338,,,86.2,70.42,70.42,15.78,15.78,https://www.drogariaveracruz.com.br/utrogestan-100mg-30-capsulas/p
Allurene 2mg 28 comprimidos,Bayer,7891106906890,,,242.75,142.41,142.41,100.34,100.34,https://www.drogariaveracruz.com.br/allurene-2mg-28-comprimidos/p
Acetilcisteína Endovenoso/Inalatório 100mg/ml União Química 5 ampolas de 3ml,União Química,7896006259732,,,22.68,21.55,21.55,1.13,1.13,https://www.drogariaveracruz.com.br/acetilcisteina-10mgml-uniao-quimica-uso-endovenosoinalatorio-5-ampolas-de-3ml/p
Diovan 160mg 28 comprimidos revestidos,Novartis,7896261005884,,,151.14,143.58,143.58,7.56,7.56,https://www.drogariaveracruz.com.br/diovan-160mg-28-comprimidos-revestidos/p
Calcitran MDK Sabor Menta 30 comprimidos mastigáveis,Divcom Pharma,7898040328573,,,64.2,47.58,47.58,16.62,16.62,https://www.drogariaveracruz.com.br/suplemento-alimentar-calcitran-mdk-sabor-menta-30-comprimidos-mastigaveis/p
Dramin B6 30 comprimidos revestidos,Dramin,7896094999978,,,25.51,22.05,22.05,3.46,3.46,https://www.drogariaveracruz.com.br/dramin-b6-30-comprimidos-revestidos/p
Imosec 2mg 12 comprimidos,Johnson &amp; Johnson,7896212478750,,,12.23,10.69,10.69,1.54,1.54,https://www.drogariaveracruz.com.br/imosec-2mg-12-comprimidos/p
Doss 3.000UI Vitamina D3 30 cápsulas gelatinosas moles,Biolab Sanus,7896112400073,,,74.55,51.7,51.7,22.85,22.85,https://www.drogariaveracruz.com.br/suplemento-alimentar-doss-3000ui-vitamina-d3-30-capsulas-gelatinosas-moles/p
"Zomig OD 2,5mg 2 comprimidos orodispersíveis",Grunenthal,7898582382224,,,76.78,59.81,59.81,16.97,16.97,https://www.drogariaveracruz.com.br/zomig-od-25mg-2-comprimidos-orodispersiveis/p
Clopin Duo 75mg + 100mg 30 comprimidos revestidos,Ache,7896658032431,,,90.58,70.57,70.57,20.01,20.01,https://www.drogariaveracruz.com.br/clopin-duo-75mg-100mg-30-comprimidos-revestidos/p
Lidogel 20mg/g Neo Química Geleia 2% 30g,Neo Quimica,7896714230160,,,24.68,16.64,16.64,8.04,8.04,https://www.drogariaveracruz.com.br/lidogel-20mgg-neo-quimica-geleia-2-30g/p
Apevitin BC Xarope 240ml,Ems,7896004700502,,,58.76,15.46,15.46,43.3,43.3,https://www.drogariaveracruz.com.br/suplemento-vitaminico-apevitin-bc-xarope-240ml/p
Deltametril D 4% Emulsão Capilar 100ml,Medquimica,7896862991937,,,34.5,21.96,21.96,12.54,12.54,https://www.drogariaveracruz.com.br/deltametril-d-4-emulsao-capilar-100ml/p
Cetobeta Creme 30g,Cellera,7898168001280,,,41.17,14.47,14.47,26.7,26.7,https://www.drogariaveracruz.com.br/creme-dermatologico-cetobeta-30g/p
Flavonid 900mg + 100mg 30 comprimidos revestidos,Neo Quimica,7896714292816,,,117.69,65.97,65.97,51.72,51.72,https://www.drogariaveracruz.com.br/flavonid-900mg-100mg-30-comprimidos-revestidos/p
Folifer Gotas 30ml,Arese,7899824400775,,,58.9,55.96,55.96,2.94,2.94,https://www.drogariaveracruz.com.br/folifer-gotas-30ml/p
"ESTREVA - 0,1%, 1 frasco com 50g de gel de uso dermatológico",Theramex,5060632500878,,,96.78,68.96,68.96,27.82,27.82,https://www.drogariaveracruz.com.br/estreva-01-1-frasco-com-50g-de-gel-de-uso-dermatologico/p
Retemic 5mg 60 comprimidos,Apsen,7896637022569,,,75.2,57.86,57.86,17.34,17.34,https://www.drogariaveracruz.com.br/retemic-5mg-60-comprimidos/p
Lotar 5mg + 50mg 30 cápsulas,Ache,7896181915072,,,86.46,67.36,67.36,19.1,19.1,https://www.drogariaveracruz.com.br/lotar-5mg-50mg-30-capsulas/p
"Motix Solução Injetável 10 ampolas com 2,2ml cada",Farmoquimica,7898040324988,,,244.0,210.94,210.94,33.06,33.06,https://www.drogariaveracruz.com.br/motix-solucao-injetavel-10-ampolas-com-22ml-cada/p
Rosucor EZE 5mg +10mg 30 cápsulas duras,Torrent,8903855092768,,,71.11,51.34,51.34,19.77,19.77,https://www.drogariaveracruz.com.br/rosucor-eze-5mg-10mg-30-capsulas-duras/p
Proctocaps 20 cápsulas,Hertz,7896331709193,,,34.09,28.5,28.5,5.59,5.59,https://www.drogariaveracruz.com.br/proctocaps-20-capsulas/p
Dulcolax 5mg 20 drágeas,Sanofi,7896026300155,,,19.13,16.24,16.24,2.89,2.89,https://www.drogariaveracruz.com.br/laxante-dulcolax-5mg-20-drageas/p
Plenance 10mg 90 comprimidos revestidos,Libbs,7896094208858,,,138.66,100.11,100.11,38.55,38.55,https://www.drogariaveracruz.com.br/plenance-10mg-90-comprimidos-revestidos/p
Caltrate Ca 600mg + D3 200 UI 30 comprimidos revestidos,Pfizer,7896009498541,,,82.3,65.67,65.67,16.63,16.63,https://www.drogariaveracruz.com.br/caltrate-ca-600mg-d3-200-ui-30-comprimidos-revestidos/p
Solução Injetável Prolia 60mg 1 Seringa com 1ml Refrigerado,Amgen,7898609960565,,,1406.81,1069.18,1069.18,337.63,337.63,https://www.drogariaveracruz.com.br/solucao-injetavel-prolia-60mg-1-seringa-com-1ml-refrigerado/p
Aradois 25mg 60 comprimidos revestidos,Biolab Sanus,7896241241462,,,101.9,78.41,78.41,23.49,23.49,https://www.drogariaveracruz.com.br/aradois-25mg-60-comprimidos-revestidos/p
Solução Tópica Pantogar Top 80ml,Biolab Sanus,7896112400493,,,169.9,135.58,135.58,34.32,34.32,https://www.drogariaveracruz.com.br/solucao-topica-pantogar-top-80ml/p
Dews 5mg/ml Solução Oftálmica 10ml,Genom,7896006221012,,,54.99,44.4,44.4,10.59,10.59,https://www.drogariaveracruz.com.br/dews-5mgml-solucao-oftalmica-10ml/p
Phitóss Xarope 7mg/ml Sabor Framboesa 100ml,Brasterapica,7898100243112,,,36.73,11.87,11.87,24.86,24.86,https://www.drogariaveracruz.com.br/xarope-phitoss-7mgml-sabor-framboesa-100ml/p
Ibandronato de Sódio Monoidratado 150mg EMS 1 comprimido revestido,Ems,7896004752471,,,91.68,30.49,30.49,61.19,61.19,https://www.drogariaveracruz.com.br/ibandronato-de-sodio-monoidratado-150mg-ems-1-comprimido-revestido/p
"Laxante Minilax 7 bisnagas com 6,5g",Momenta,7891317015176,,,57.28,50.07,50.07,7.21,7.21,https://www.drogariaveracruz.com.br/laxante-minilax-7-bisnagas-com-65g/p
Sinudoron Weleda 50ml,Weleda,7893093015678,,,102.5,87.64,87.64,14.86,14.86,https://www.drogariaveracruz.com.br/sinudoron-weleda-50ml/p
Dprev 14.000ui 4 comprimidos revestidos,Myralis Pharma,7898430193590,,,45.45,32.39,32.39,13.06,13.06,https://www.drogariaveracruz.com.br/dprev-14000ui-04-comprimidos-revestidos/p
Neutrofer 300mg 30 comprimidos revestidos,Sigma Pharma,7894916500333,,,62.65,52.37,52.37,10.28,10.28,https://www.drogariaveracruz.com.br/neutrofer-300mg-30-comprimidos-revestidos/p
Magnésia Bisurada Sabor Menta 10 pastilhas,Aspen Pharma,7895858017415,,,12.29,10.97,10.97,1.32,1.32,https://www.drogariaveracruz.com.br/magnesia-bisurada-sabor-menta-10-pastilhas/p
Glyxambi 25mg + 5mg 30 comprimidos revestidos,Boehringer,7896026306751,,,500.5,475.48,475.48,25.02,25.02,https://www.drogariaveracruz.com.br/glyxambi-25mg-5mg-30-comprimidos-revestidos/p
Nesina 25mg 30 comprimidos revestidos,Hypera,7896094922433,,,184.73,175.49,175.49,9.24,9.24,https://www.drogariaveracruz.com.br/nesina-25mg-30-comprimidos-revestidos/p
"CLIMENE - (2mg) + (2mg + 1mg), 21 drágeas",Genom,7896006201564,,,42.72,28.01,28.01,14.71,14.71,https://www.drogariaveracruz.com.br/climene-2mg-2mg-1mg-21-drageas/p
Somalgin Cardio 100mg 60 comprimidos revestidos de dupla camada,Sigma Pharma,7894916512022,,,49.94,39.85,39.85,10.09,10.09,https://www.drogariaveracruz.com.br/somalgin-cardio-100mg-60-comprimidos-revestidos-de-dupla-camada/p
Condroflex 500mg + 400mg 90 cápsulas,Adium,7892953003022,,,208.78,158.67,158.67,50.11,50.11,https://www.drogariaveracruz.com.br/codroflex-500mg-400mg-90-capsulas/p
Folacin Sabor Laranja Gotas 30ml,Arese,7896317906165,,,73.15,56.98,56.98,16.17,16.17,https://www.drogariaveracruz.com.br/folacin-sabor-laranja-gotas-30ml/p
Doralgina Neo Química 20 drágeas,Neo Quimica,7896714210018,,,33.16,16.69,16.69,16.47,16.47,https://www.drogariaveracruz.com.br/doralgina-neo-quimica-20-drageas/p
Nicorette 4mg Icemint 30 gomas mastigáveis,Nicorette,7891010970888,,,112.98,88.01,88.01,24.97,24.97,https://www.drogariaveracruz.com.br/nicorette-4mg-icemint-30-gomas-mastigaveis/p
Xantinon 30 comprimidos revestidos,União Química,7896006216483,,,16.55,14.16,14.16,2.39,2.39,https://www.drogariaveracruz.com.br/xantinon-30-comprimidos-revestidos/p
AAS Infantil 100mg com 30 comprimidos,Sanofi,7896094928107,,,27.03,23.63,23.63,3.4,3.4,https://www.drogariaveracruz.com.br/aas-infantil-100mg-com-30-comprimidos/p
Engov 24 comprimidos,Hypera,7896094907324,,,31.85,24.21,24.21,7.64,7.64,https://www.drogariaveracruz.com.br/engov-24-comprimidos/p
Trezor 10mg 30 comprimidos revestidos,Ache,7896658015380,,,41.32,32.59,32.59,8.73,8.73,https://www.drogariaveracruz.com.br/trezor-10mg-30-comprimidos-revestidos/p
Puran T4 25mcg 30 comprimidos,Sanofi,7897595901309,,,18.44,12.79,12.79,5.65,5.65,https://www.drogariaveracruz.com.br/puran-t4-25mcg-30-comprimidos/p
"Rozex 7,5mg/g Gel 30g",Galderma,7897930760172,,,116.35,99.48,99.48,16.87,16.87,https://www.drogariaveracruz.com.br/rozex-75mgg-gel-30g/p
Leucogen 80mg 30 cápsulas,Ache,7896658029028,,,167.34,133.54,133.54,33.8,33.8,https://www.drogariaveracruz.com.br/leucogen-80mg-30-capsulas/p
DPrev 2.000UI 60 comprimidos revestidos,Myralis Pharma,7898430192876,,,73.35,50.87,50.87,22.48,22.48,https://www.drogariaveracruz.com.br/dprev-2000ui-60-comprimidos-revestidos/p
Allegra Pediátrico 6mg/ml 150ml,Sanofi,7891058004354,,,91.05,73.52,73.52,17.53,17.53,https://www.drogariaveracruz.com.br/antialergico-allegra-pediatrico-6mgml-150ml/p
Bisalax 5mg 20 drágeas,União Química,7896006257929,,,9.48,9.01,9.01,0.47,0.47,https://www.drogariaveracruz.com.br/bisalax-5mg-20-drageas/p
Synthroid 50mcg 30 comprimidos,Abbott,7896255716956,,,46.03,35.85,35.85,10.18,10.18,https://www.drogariaveracruz.com.br/synthroid-50mcg-30-comprimidos/p
Flexive CDM Creme 50g,Procter&amp;Gamble,7891721022845,,,94.75,77.42,77.42,17.33,17.33,https://www.drogariaveracruz.com.br/flexive-cdm-creme-50g/p
Miosan 10mg 10 comprimidos revestidos,Apsen,7896637023665,,,22.72,10.57,10.57,12.15,12.15,https://www.drogariaveracruz.com.br/miosan-10mg-10-comprimidos-revestidos/p
Buscopan Gotas 10mg 20ml,Hypera,7896094930001,,,28.29,23.38,23.38,4.91,4.91,https://www.drogariaveracruz.com.br/buscopan-gotas-10mg-20ml/p
Imecap Hair Cabelos e Unhas 30 cápsulas,Imecap,7898414852734,,,25.6,21.89,21.89,3.71,3.71,https://www.drogariaveracruz.com.br/imecap-hair-cabelos-e-unhas-30-capsulas/p
Trayenta 5mg 30 comprimidos revestidos,Boehringer,7896026305259,,,327.33,310.96,310.96,16.37,16.37,https://www.drogariaveracruz.com.br/trayenta-5mg-30-comprimidos-revestidos/p
Vitafer 109mg 50 comprimidos revestidos,Ems,7896004712857,,,16.88,16.04,16.04,0.84,0.84,https://www.drogariaveracruz.com.br/vitafer-109mg-50-comprimidos-revestidos/p
"Bravan HCT 160mg + 12,5mg 30 comprimidos",Ache,7896658018763,,,82.86,66.91,66.91,15.95,15.95,https://www.drogariaveracruz.com.br/bravan-hct-160mg-125mg-30-comprimidos/p
Soolantra 10mg/g Creme Dermatológico 30g,Galderma,3499320010788,,,165.98,130.87,130.87,35.11,35.11,https://www.drogariaveracruz.com.br/soolantra-10mgg-creme-dermatologico-30g/p
Sumaxpro 50mg + 500mg 2 comprimidos revestidos,Libbs,7896094208278,,,46.26,36.48,36.48,9.78,9.78,https://www.drogariaveracruz.com.br/sumaxpro-50mg-500mg-2-comprimidos-revestidos/p
Fumasil 60 Comprimidos Orodispersíveis,Divcom Pharma,7898040328078,,,73.9,64.59,64.59,9.31,9.31,https://www.drogariaveracruz.com.br/fumasil-60-comprimidos-orodispersiveis/p
Benestare 625mg 30 comprimidos revestidos,Medley,7895858017385,,,65.38,57.14,57.14,8.24,8.24,https://www.drogariaveracruz.com.br/benestare-625mg-30-comprimidos-revestidos/p
Aspirina C 2 Sabor Limão comprimidos efervescentes,Bayer,7891106000888,,,9.79,8.56,8.56,1.23,1.23,https://www.drogariaveracruz.com.br/aspirina-c-2-sabor-limao-comprimidos-efervescentes/p
"Somalgin Cardio 81mg, 60 Comprimidos Revestidos de Dupla Camada",Sigma Pharma,7894916512107,,,32.28,25.76,25.76,6.52,6.52,https://www.drogariaveracruz.com.br/somalgin-cardio-81mg-60-comprimidos-revestidos-de-dupla-camada/p
Almeida Prado N 48 60 Comprimidos,Almeida Prado,7898037080484,,,33.9,28.34,28.34,5.56,5.56,https://www.drogariaveracruz.com.br/complexo-homeopatico-almeida-prado-n-48-60-comprimidos/p
Lasix 40mg 20 comprimidos,Sanofi,7891058431037,,,26.28,19.97,19.97,6.31,6.31,https://www.drogariaveracruz.com.br/lasix-40mg-20-comprimidos/p
Resfenol 20 cápsulas,Hertz,7896331703443,,,26.74,20.58,20.58,6.16,6.16,https://www.drogariaveracruz.com.br/resfenol-20-capsulas/p
Vaporizante Descongestionante Vick VapoRub Unguento 100g,Vick,7500435157599,,,126.54,103.38,103.38,23.16,23.16,https://www.drogariaveracruz.com.br/vaporizante-descongestionante-vick-vaporub-unguento-100g/p
Levoid 75mcg 30 comprimidos,Ache,7896658008788,,,21.55,17.2,17.2,4.35,4.35,https://www.drogariaveracruz.com.br/levoid-75mcg-30-comprimidos/p
Neosaldina 4 drágeas,Neosaldina,7896094921986,,,9.2,5.61,5.61,3.59,3.59,https://www.drogariaveracruz.com.br/neosaldina-4-drageas/p
Suplemento Alimentar Pealiv 300mg Myralis 30 Comprimidos,Myralis Pharma,7898430194009,,,122.9,92.24,92.24,30.66,30.66,https://www.drogariaveracruz.com.br/suplemento-alimentar-pealiv-300mg-30-comprimidos/p
Ferropurum 20mg/ml 5 ampolas de 5ml,Blau,7896014673124,,,90.54,86.01,86.01,4.53,4.53,https://www.drogariaveracruz.com.br/ferropurum-20mgml-5-ampolas-de-5ml/p
Angino Rub Sabor Menta Com 16 Pastilhas,Eurofarma,7891317002589,,,22.44,12.79,12.79,9.65,9.65,https://www.drogariaveracruz.com.br/pastilhas-angino-rub-sabor-menta-16un/p
Neosaldina 20 drágeas,Neosaldina,7896094921979,,,34.45,21.76,21.76,12.69,12.69,https://www.drogariaveracruz.com.br/neosaldina-20-drageas/p
SeloZok 50mg 30 comprimidos revestidos de liberação controlada,Astrazeneca,7896206402860,,,85.05,80.8,80.8,4.25,4.25,https://www.drogariaveracruz.com.br/selozok-50mg-30-comprimidos-revestidos-de-liberacao-controlada/p
Monessa 90 cápsulas,Biolab Sanus,7898549757133,,,345.94,269.49,269.49,76.45,76.45,https://www.drogariaveracruz.com.br/monessa-90-capsulas/p
Pressat 5mg 90 comprimidos,Biolab Sanus,7896112406570,,,115.21,89.75,89.75,25.46,25.46,https://www.drogariaveracruz.com.br/pressat-5mg-90-comrpimidos/p
"Combigan Solução Oftálmica 0,2% + 0,5% 10ml",Allergan,7897316804780,,,249.36,189.52,189.52,59.84,59.84,https://www.drogariaveracruz.com.br/solucao-oftalmica-combigan-02-05-10ml/p
ZincoPro Probiótico 30 cápsulas,Marjan,7896226109237,,,138.6,131.67,131.67,6.93,6.93,https://www.drogariaveracruz.com.br/probiotico-zincopro-marjan-farma-30-capsulas/p
"Latanoprosta 50mcg/ml Geolab 2,5ml",,7899095238299,,,153.24,66.97,66.97,86.27,86.27,https://www.drogariaveracruz.com.br/latanoprosta-50mcgml-geolab-25ml/p
Gel de tratamento Antiacne Dermotivin Benzac 10% 60g,Galderma,7897930763791,,,72.9,63.02,63.02,9.88,9.88,https://www.drogariaveracruz.com.br/benzac-ac-100mgg-60g/p
Artroflan 150mg 60 comprimidos revestidos,Hypera,7896094918436,,,271.57,219.29,219.29,52.28,52.28,https://www.drogariaveracruz.com.br/artroflan-150mg-60-comprimidos-revestidos/p
Combi AD 30ml + seringa dosadora,Ache,7896658029806,,,66.9,57.2,57.2,9.7,9.7,https://www.drogariaveracruz.com.br/suplemento-vitaminico-combi-ad-30ml-seringa-dosadora/p
Vagifem 10mcg 18 comprimidos vaginais com aplicadores individuais,,7898948648377,,,156.12,126.07,126.07,30.05,30.05,https://www.drogariaveracruz.com.br/vagifem-10mcg-18-comprimidos-vaginais-com-aplicadores-individuais/p
Slinda 4mg 28 comprimidos revestidos,Exeltis,7908134200453,,,130.81,100.66,100.66,30.15,30.15,https://www.drogariaveracruz.com.br/slinda-4mg-28-comprimidos-revestidos/p
Magnésia Bisurada Sabor Menta 40 pastilhas,Aspen Pharma,7891045035040,,,53.95,47.66,47.66,6.29,6.29,https://www.drogariaveracruz.com.br/magnesia-bisurada-sabor-menta-40-pastilhas/p
Ofolato SOP Sabor Tangerina 30 sachês,Hypera,7896094925830,,,149.9,131.01,131.01,18.89,18.89,https://www.drogariaveracruz.com.br/suplemento-alimentar-ofolato-sop-sabor-tangerina-30-saches/p
Ceci 2mg + 1mg 28 comprimidos revestidos,Libbs,7896094210424,,,103.71,77.83,77.83,25.88,25.88,https://www.drogariaveracruz.com.br/ceci-2mg-1mg-28-comprimidos-revestidos/p
Synthroid 112mcg 30 comprimidos,Abbott,7896255700283,,,55.85,41.91,41.91,13.94,13.94,https://www.drogariaveracruz.com.br/synthroid-112mcg-30-comprimidos/p
Citoneurin 5.000mcg 30 comprimidos revestidos,Procter&amp;Gamble,7500435230957,,,100.01,77.91,77.91,22.1,22.1,https://www.drogariaveracruz.com.br/citoneurin-5000mcg-30-comprimidos-revestidos/p
Salonpas Adesivos Grande 2un,Salonpas,7896227800874,,,9.9,8.08,8.08,1.82,1.82,https://www.drogariaveracruz.com.br/adesivos-salonpas-grande-2un/p
"Floratil AT 250mg 10 envelopes de 1,25g",Divcom Pharma,7898040329624,,,75.0,59.85,59.85,15.15,15.15,https://www.drogariaveracruz.com.br/floratil-at-250mg-10-envelopes-de-125g/p
Levty 10.000 U.FCC 30 comprimidos,Aché,7896658033520,,,70.3,61.45,61.45,8.85,8.85,https://www.drogariaveracruz.com.br/suplemento-alimentar-de-lactase-levty-30-comprimidos-com-10000-ufcc-cada/p
"Bicarbonato de Sódio ADV 10 Sachês de 2,5g cada",Adv,7896230304338,,,7.5,5.99,5.99,1.51,1.51,https://www.drogariaveracruz.com.br/bicarbonato-de-sodio-adv-10-saches-de-25g-cada/p
Doss 7.000UI 30 cápsulas gelatinosas moles,Biolab Sanus,7896112400141,,,110.17,72.22,72.22,37.95,37.95,https://www.drogariaveracruz.com.br/suplemento-alimentar-doss-7000ui-vitamina-d3-30-capsulas-gelatinosas-moles/p
Sal de Frutas Eno Limão 2 envelopes com 5g,Eno,7896015518479,,,4.94,3.8,3.8,1.14,1.14,https://www.drogariaveracruz.com.br/sal-de-frutas-eno-limao-2-envelopes-com-5g/p
Xarope Fluimucil Pediátrico 20mg/ml Sabor Framboesa 120ml,Zambon,7898074617445,,,34.95,28.56,28.56,6.39,6.39,https://www.drogariaveracruz.com.br/xarope-fluimucil-pediatrico-20mgml-sabor-framboesa-120ml/p
Doss 1.000UI Vitamina D3 90 cápsulas gelatinosas,Biolab Sanus,7896112402336,,,108.95,96.25,96.25,12.7,12.7,https://www.drogariaveracruz.com.br/suplemento-alimentar-doss-1000ui-vitamina-d3-90-capsulas-gelatinosas/p
Hidraplex Natulab Sabor Guaraná 04 envelopes,Natulab,7898133137334,,,22.9,14.35,14.35,8.55,8.55,https://www.drogariaveracruz.com.br/hidraplex-natulab-sabor-guarana-04-envelopes/p
Vicog 5mg 90 comprimidos,Marjan,7896226109275,,,96.95,71.84,71.84,25.11,25.11,https://www.drogariaveracruz.com.br/vicog-5mg-90-comprimidos/p
UroCran Cranberry 500mg 30 Cápsulas,Myralis Pharma,7898430191244,,,107.9,102.51,102.51,5.39,5.39,https://www.drogariaveracruz.com.br/suplemento-alimentar-urocran-cranberry-500mg-30-capsulas/p
Loção Pediletan 1% 60ml + Pente Fino,Cimed,7896523209364,,,31.14,19.52,19.52,11.62,11.62,https://www.drogariaveracruz.com.br/locao-pediletan-1-60ml-pente-fino/p
"NORIPURUM EV - 20mg/mL, 5 ampolas com 5mL de solução injetável",Takeda,7898581710615,,,98.21,83.97,83.97,14.24,14.24,https://www.drogariaveracruz.com.br/noripurum-ev-20mgml-5-ampolas-com-5ml-de-solucao-de-uso-intramuscular/p
SeloZok 25mg 60 comprimidos revestidos de liberação controlada,Astrazeneca,7896206406707,,,84.69,63.56,63.56,21.13,21.13,https://www.drogariaveracruz.com.br/selozok-25mg-60-comprimidos-revestidos-de-liberacao-controlada/p
Alta D 15.000UI 4 cápsulas moles,Eurofarma,7891317016425,,,59.4,50.79,50.79,8.61,8.61,https://www.drogariaveracruz.com.br/alta-d-15000ui-4-capsulas-moles/p
"Solução Nasal Sinustrat Vasoconstritor 0,5mg/ml 10ml",Biolab Sanus,7896082900269,,,19.07,14.68,14.68,4.39,4.39,https://www.drogariaveracruz.com.br/solucao-nasal-sinustrat-vasoconstritor-05mgml-10ml/p
Tylenol Sinus 500g + 30mg 24 comprimidos revestidos,Tylenol,7896212415618,,,24.2,20.24,20.24,3.96,3.96,https://www.drogariaveracruz.com.br/tylenol-sinus-1g-60mg-24-comprimidos-revestidos/p
Estomazil Sabor Abacaxi 5g,Hypera,7896094912977,,,3.48,2.77,2.77,0.71,0.71,https://www.drogariaveracruz.com.br/antiacido-po-efervescente-estomazil-sabor-abacaxi-5g/p
Lacday 10.000 U.FCC EMS 30 comprimidos mastigáveis,Sigma Pharma,7896004755519,,,65.9,62.61,62.61,3.29,3.29,https://www.drogariaveracruz.com.br/lacday-10000-ufcc-ems-30-comprimidos-mastigaveis/p
Suganon 5mg 30 comprimidos revestidos,Eurofarma,7891317005641,,,164.54,125.05,125.05,39.49,39.49,https://www.drogariaveracruz.com.br/suganon-5mg-30-comprimidos-revestidos/p
Venaflon 450mg + 50mg 30 comprimidos revestidos,Teuto,7896112115151,,,105.37,32.03,32.03,73.34,73.34,https://www.drogariaveracruz.com.br/venaflon-450mg-50mg-30-comprimidos-revestidos/p
Cetobeta Pomada 30g,Cellera,7898168001303,,,41.17,14.86,14.86,26.31,26.31,https://www.drogariaveracruz.com.br/pomada-dermatologico-cetobeta-30g/p
Vaporizante Descongestionante Vick VapoRub Unguento 12g,Vick,78911222,,,18.4,17.48,17.48,0.92,0.92,https://www.drogariaveracruz.com.br/vaporizante-descongestionante-vick-vaporub-unguento-12g/p
Glargilin 100ui/ml 1 refil de 3ml,Bionn,7898616360082,,,76.63,62.61,62.61,14.02,14.02,https://www.drogariaveracruz.com.br/glargilin-100uiml-1-refil-de-3ml/p
Vitamina D Sof D 7.000 UI 8 cápsulas gelatinosas moles,Abbott,7891158104060,,,35.55,29.04,29.04,6.51,6.51,https://www.drogariaveracruz.com.br/vitamina-d-sof-d-7000-ui-8-capsulas-gelatinosas-moles/p
Hidraplex Natulab Sabor Tutti-Frutti 4 envelopes,Natulab,7898133137396,,,22.9,14.35,14.35,8.55,8.55,https://www.drogariaveracruz.com.br/hidraplex-natulab-sabor-tutti-frutti-4-envelopes/p
Dorflex 24 comprimidos,Sanofi,7891058022136,,,18.57,16.59,16.59,1.98,1.98,https://www.drogariaveracruz.com.br/analgesico-dorflex-24-comprimidos/p
Busonid Aquoso Nasal 50mcg 120 doses 6ml,Ache,7896181907176,,,47.24,39.05,39.05,8.19,8.19,https://www.drogariaveracruz.com.br/busonid-aquoso-nasal-50mcg-120-doses-6ml/p
Motix Pomada 50g,Farmoquimica,7898040324971,,,93.5,81.72,81.72,11.78,11.78,https://www.drogariaveracruz.com.br/motix-pomada-50g/p
Vitamina D3 Althaia 7.000 UI 8 cápsulas moles,Althaia,7898569766610,,,21.09,14.83,14.83,6.26,6.26,https://www.drogariaveracruz.com.br/vitamina-d3-althaia-7000-ui-8-capsulas-moles/p
Zart 50mg 30 comprimidos revestidos,Eurofarma,7891317425869,,,14.7,4.75,4.75,9.95,9.95,https://www.drogariaveracruz.com.br/zart-50mg-30-comprimidos-revestidos/p
Flebon 50mg 30 comprimidos,Farmoquimica,7898040322670,,,89.23,68.67,68.67,20.56,20.56,https://www.drogariaveracruz.com.br/flebon-50mg-30-comprimidos/p
Thealoz Duo Solução Oftálmica 10ml,Genom,3662042008443,,,96.6,74.34,74.34,22.26,22.26,https://www.drogariaveracruz.com.br/thealoz-duo-solucao-oftalmica-10ml/p
Benegrip 20 comprimidos revestidos,Hypera,7896094904682,,,45.18,39.05,39.05,6.13,6.13,https://www.drogariaveracruz.com.br/benegrip-20-comprimidos/p
Neutrofer 500mg 30 comprimidos revestidos,Sigma Pharma,7894916500272,,,93.25,75.3,75.3,17.95,17.95,https://www.drogariaveracruz.com.br/neutrofer-500mg-30-comprimidos-revestidos/p
Cefaliv Aché 12 comprimidos,Ache,7896658001079,,,22.78,20.13,20.13,2.65,2.65,https://www.drogariaveracruz.com.br/cefaliv-ache-12-comprimidos/p
Clorana 25mg 30 comprimidos,Sanofi,7897595901521,,,15.61,12.16,12.16,3.45,3.45,https://www.drogariaveracruz.com.br/clorana-25mg-30-comprimidos/p
Flancox 600mg 14 comprimidos,Apsen,7896637031943,,,65.29,49.0,49.0,16.29,16.29,https://www.drogariaveracruz.com.br/flancox-600mg-14-comprimidos/p
Stanglit 45mg 30 comprimidos,Libbs,7896094207776,,,245.52,170.27,170.27,75.25,75.25,https://www.drogariaveracruz.com.br/stanglit-45mg-30-comprimidos/p
Castanha da Índia Atalaia 30 drágeas,Farmabraz,7896372505006,,,60.21,50.91,50.91,9.3,9.3,https://www.drogariaveracruz.com.br/castanha-da-india-atalaia-30-drageas/p
"Natifa Pro UBD 0,5mg + 0,1mg 28 comprimidos revestidos",Libbs,7896094208506,,,98.17,69.95,69.95,28.22,28.22,https://www.drogariaveracruz.com.br/natifa-pro-ubd-05mg-01mg-28-comprimidos-revestidos/p
Zinpass EZE 10mg + 10mg 30 comprimidos revestidos,Medley,7896422504621,,,91.1,72.69,72.69,18.41,18.41,https://www.drogariaveracruz.com.br/zimpass-eze-10mg-10mg-30-comprimidos-revestidos/p
Venaflon 900mg + 100mg 60 comprimidos,Teuto,7896112104070,,,287.54,109.27,109.27,178.27,178.27,https://www.drogariaveracruz.com.br/venaflon-900mg-100mg-60-comprimidos/p
Ginkgo Vital 80mg 30 comprimidos,Prati Donaduzzi,7899547508758,,,55.66,25.38,25.38,30.28,30.28,https://www.drogariaveracruz.com.br/ginkgo-vital-80mg-30-comprimidos/p
Glivance XR 500mg + 30mg 30 Comprimidos de Liberação Prolongada,Merck,7891721029950,,,57.37,44.15,44.15,13.22,13.22,https://www.drogariaveracruz.com.br/glivance-xr-500mg-30mg-30-comprimidos-de-liberacao-prolongada/p
"Esmalte Loceryl 50mg/ml 2,5ml",Galderma,7897930776722,,,232.92,192.51,192.51,40.41,40.41,https://www.drogariaveracruz.com.br/esmalte-loceryl-50mgml-25ml/p
Vitergan Zinco PL 30 comprimidos revestidos,Marjan,7896226102801,,,127.3,93.86,93.86,33.44,33.44,https://www.drogariaveracruz.com.br/suplemento-vitaminico-vitergan-zinco-pl-30-comprimidos-revestidos/p
Noripurum 50mg/ml Gotas 30ml,Takeda,7898581710523,,,47.54,42.46,42.46,5.08,5.08,https://www.drogariaveracruz.com.br/noripurum-50mgml-gotas-30ml/p
Minancora Pomada 30g,Minancora,78905108,,,20.97,18.13,18.13,2.84,2.84,https://www.drogariaveracruz.com.br/pomada-minancora-30g/p
Engov 6 comprimidos,Hypera,7896094903104,,,10.59,8.35,8.35,2.24,2.24,https://www.drogariaveracruz.com.br/engov-6-comprimidos/p
Ferro 100mg Biolab 30 comprimidos mastigáveis,Biolab,7896112401667,,,62.92,59.77,59.77,3.15,3.15,https://www.drogariaveracruz.com.br/ferro-100mg-biolab-30-comprimidos-mastigaveis/p
"Iumi ES 3mg + 0,02mg 120 comprimidos",Libbs,7896094210295,,,246.3,170.81,170.81,75.49,75.49,https://www.drogariaveracruz.com.br/iumi-es-3mg-002mg-120-comprimidos/p
"Naprix D 5mg + 12,5mg 30 cápsulas duras",Libbs,7896094203266,,,77.47,55.2,55.2,22.27,22.27,https://www.drogariaveracruz.com.br/naprix-d-5mg-125mg-30-capsulas-duras/p
Antiácido Gastrol Blister 20 Pastilhas,Hypera,7896622300443,,,22.08,17.41,17.41,4.67,4.67,https://www.drogariaveracruz.com.br/antiacido-gastrol-blister-20-pastilhas/p
Siilif 100mg 60 comprimidos revestidos,Takeda,7896641806414,,,197.5,150.1,150.1,47.4,47.4,https://www.drogariaveracruz.com.br/siilif-100mg-60-comprimidos-revestidos/p
Glifage 500mg 30 comprimidos revestidos,Merck,7891721000614,,,30.34,23.92,23.92,6.42,6.42,https://www.drogariaveracruz.com.br/glifage-500mg-30-comprimidos-revestidos/p
Plenance EZE 10mg+10mg 30 cápsulas,Libbs,7896094210059,,,96.81,72.66,72.66,24.15,24.15,https://www.drogariaveracruz.com.br/plenance-eze-10mg10mg-30-capsulas/p
Kit Solução para Lentes Bio Soak Olhos Sensíveis 360ml+120ml + Estojo para Lentes,Teuto,7896112165538,,,51.9,44.37,44.37,7.53,7.53,https://www.drogariaveracruz.com.br/kit-solucao-para-lentes-bio-soak-olhos-sensiveis-360ml120ml-estojo-para-lentes/p
Capilarema 75mg 60 comprimidos,Baldacci,7897851221158,,,119.66,90.94,90.94,28.72,28.72,https://www.drogariaveracruz.com.br/capilarema-75mg-60-comprimidos/p
Angino Rub Sabor Mel e Limão Com 16 Pastilhas,Eurofarma,7891317007256,,,21.44,12.63,12.63,8.81,8.81,https://www.drogariaveracruz.com.br/pastilhas-angino-rub-sabor-mel-e-limao-16un/p
Decongex Plus 12 comprimidos,Ache,7896658001901,,,31.99,25.38,25.38,6.61,6.61,https://www.drogariaveracruz.com.br/decongex-plus-12-comprimidos/p
Ferinject 50mg/ml 1 ampola com 10ml,Takeda,7898581710622,,,823.86,618.31,618.31,205.55,205.55,https://www.drogariaveracruz.com.br/ferinject-50mgml-1-ampola-com-10ml/p
Addera D3 50.000UI 4 cápsulas moles,Hypera,7897322709758,,,142.88,112.66,112.66,30.22,30.22,https://www.drogariaveracruz.com.br/vitamina-d3-addera-d3-50000ui-4-capsulas-moles/p
Probiótico Probians 30 cápsulas,Apsen,7896637032223,,,102.67,79.98,79.98,22.69,22.69,https://www.drogariaveracruz.com.br/probiotico-probians-30-capsulas/p
Luftal Gotas 75mg/ml Sabor Cereja 15ml,Luftal,7896016804915,,,31.99,25.22,25.22,6.77,6.77,https://www.drogariaveracruz.com.br/antigases-luftal-gotas-75mgml-sabor-cereja-15ml/p
Dozoito 25mg 30 comprimidos,Biolab Sanus,7896112402664,,,36.78,20.26,20.26,16.52,16.52,https://www.drogariaveracruz.com.br/dozoito-25mg-30-comprimidos/p
Almeida Prado N 18 60 Comprimidos,Almeida Prado,7898037080187,,,33.9,28.34,28.34,5.56,5.56,https://www.drogariaveracruz.com.br/complexo-homeopatico-almeida-prado-n-18-60-comprimidos/p
Thioctacid 600 mg 30 comprimidos revestidos,Mylan,7898560665097,,,227.08,163.95,163.95,63.13,63.13,https://www.drogariaveracruz.com.br/thioctacid-600-mg-30-comprimidos-revestidos/p
"Decacron 4mg/ml Solução Injetável com 2,5ml",Ache,7896658003189,,,22.48,19.01,19.01,3.47,3.47,https://www.drogariaveracruz.com.br/decacron-4mgml-solucao-injetavel-com-25ml/p
Valerimed 50mg 20 comprimidos revestidos,Cimed,7896523206547,,,27.34,19.74,19.74,7.6,7.6,https://www.drogariaveracruz.com.br/valerimed-50mg-20-comprimidos-revestidos/p
Euthyrox 50mcg 50 comprimidos,Merck,7891721014697,,,44.16,31.88,31.88,12.28,12.28,https://www.drogariaveracruz.com.br/euthyrox-50mcg-50-comprimidos/p
Buclina 25mg 30 comprimidos,Mantecorp,7896094928077,,,21.15,18.49,18.49,2.66,2.66,https://www.drogariaveracruz.com.br/buclina-25mg-30-comprimidos/p
Neo B 100mg + 100mg + 5000mcg 60 comprimidos revestidos,Eurofarma,7891317009618,,,169.75,130.63,130.63,39.12,39.12,https://www.drogariaveracruz.com.br/neo-b-100mg-100mg-5000mcg-60-comprimidos-revestidos/p
Toragesic 10mg 20 comprimidos sublinguais,Sigma Pharma,7894916516013,,,36.61,29.56,29.56,7.05,7.05,https://www.drogariaveracruz.com.br/toragesic-10mg-20-comprimidos-sublinguais/p
Rosucor 10mg 60 comprimidos revestidos,Torrent,8902220109582,,,84.36,56.1,56.1,28.26,28.26,https://www.drogariaveracruz.com.br/rosucor-10mg-60-comprimidos-revestidos/p
Benerva 300mg 30 comprimidos revestidos,Valeant Farm Do Brasil,7893454714325,,,35.22,30.45,30.45,4.77,4.77,https://www.drogariaveracruz.com.br/benerva-300mg-30-comprimidos-revestidos/p
Soanza XR 35mg 60 comprimidos,Ache,7896658038457,,,98.22,80.25,80.25,17.97,17.97,https://www.drogariaveracruz.com.br/soanza-xr-35mg-60-comprimidos/p
Resolor 1mg 14 comprimidos revestidos,Laboratórios Bagó,7896212424269,,,165.07,144.27,144.27,20.8,20.8,https://www.drogariaveracruz.com.br/resolor-1mg-14-comprimidos-revestidos/p
Espinheira Santa 380mg Herbarium 45 Cápsulas Duras,Herbarium,7896083400171,,,62.9,56.77,56.77,6.13,6.13,https://www.drogariaveracruz.com.br/espinheira-santa-380mg-herbarium-45-capsulas-duras/p
Neutrofer 150mg 30 comprimidos revestidos,Sigma Pharma,7894916500548,,,35.76,29.9,29.9,5.86,5.86,https://www.drogariaveracruz.com.br/neutrofer-150mg-30-comprimidos-revestidos/p
Tylenol Bebê 100mg/ml Sabor Frutas 15ml + Seringa Dosadora,Tylenol,7896212428861,,,57.61,42.69,42.69,14.92,14.92,https://www.drogariaveracruz.com.br/analgesico-tylenol-bebe-100mgml-sabor-frutas-15ml-seringa-dosadora/p
"Indapen SR 1,5mg 30 comprimidos revestidos de liberação prolongada",Torrent,8902220105676,,,40.55,28.51,28.51,12.04,12.04,https://www.drogariaveracruz.com.br/indapen-sr-15mg-30-comprimidos-revestidos-de-liberacao-prolongada/p
Probid 15 cápsulas,Apsen,7896637032216,,,55.9,49.97,49.97,5.93,5.93,https://www.drogariaveracruz.com.br/suplemento-alimentar-probid-15-capsulas/p
Strepsils Sabor Laranja 16 pastilhas,Strepsils,7891035010972,,,33.99,26.13,26.13,7.86,7.86,https://www.drogariaveracruz.com.br/pastilhas-para-garganta-strepsils-sabor-laranja-sem-acucar-16-pastilhas/p
Citobê 100mg + 100mg + 5000mcg 30 comprimidos revestidos,Eurofarma,7891317022105,,,86.8,67.62,67.62,19.18,19.18,https://www.drogariaveracruz.com.br/citobe-100mg-100mg-5000mcg-30-comprimidos-revestidos/p
Icaden 10mg/g Creme Dermatológico 20g,Leofarma,5702191025620,,,52.34,46.25,46.25,6.09,6.09,https://www.drogariaveracruz.com.br/icaden-10mgg-creme-dermatologico-20g/p
Qlaira Bayer 26 comprimidos ativos + 2 comprimidos inativos,Bayer,7891106904582,,,74.29,62.81,62.81,11.48,11.48,https://www.drogariaveracruz.com.br/qlaira-bayer-26-comprimidos-ativos-2-comprimidos-inativos/p
Puran T4 112mcg 30 comprimidos,Sanofi,7897595903372,,,34.09,23.31,23.31,10.78,10.78,https://www.drogariaveracruz.com.br/puran-t4-112mcg-30-comprimidos/p
"Condroflex 1,5g + 1,2g 30 sachês com pó para solução oral",Adium,7892953000328,,,157.65,104.84,104.84,52.81,52.81,https://www.drogariaveracruz.com.br/condroflex-15g-12g-30-saches-com-po-para-solucao-oral/p
Noripurum 100mg 30 comprimidos mastigáveis,Takeda,7898581710547,,,75.63,66.1,66.1,9.53,9.53,https://www.drogariaveracruz.com.br/noripurum-100mg-30-comprimidos-mastigaveis/p
Neosaldina 10 drágeas,Neosaldina,7896094921993,,,19.24,14.44,14.44,4.8,4.8,https://www.drogariaveracruz.com.br/neosaldina-10-drageas/p
"Oestrogel 0,6mg/g Gel 80g",Farmoquimica,7898948648179,,,84.56,68.29,68.29,16.27,16.27,https://www.drogariaveracruz.com.br/oestrogel-06mgg-gel-80g/p
Almeida Prado N 16 60 Comprimidos,Almeida Prado,7898037080163,,,33.9,28.34,28.34,5.56,5.56,https://www.drogariaveracruz.com.br/complexo-homeopatico-almeida-prado-n-16-60-comprimidos/p
Naldecon Multi 16 comprimidos,Naldecon,7896222721198,,,35.99,28.6,28.6,7.39,7.39,https://www.drogariaveracruz.com.br/naldecon-multi-16-comprimidos/p
Chá Vick Pyrena Sabor Camomila e Erva-Cidreira 5g,Vick,7501007447285,,,4.39,4.17,4.17,0.22,0.22,https://www.drogariaveracruz.com.br/cha-vick-pyrena-sabor-camomila-e-erva-cidreira-5g/p
Allegra Pediátrico 6mg/ml 60ml,Sanofi,7891058004347,,,39.08,33.78,33.78,5.3,5.3,https://www.drogariaveracruz.com.br/antialergico-allegra-pediatrico-6mgml-1-frasco-de-60ml-de-suspensao-de-uso-oral/p
Artrolive 500mg + 400mg 90 cápsulas,Ache,7896658004391,,,345.69,328.41,328.41,17.28,17.28,https://www.drogariaveracruz.com.br/artrolive-500mg-400mg-90-capsulas/p
Jardiance 10mg 30 comprimidos revestidos,Boehringer,7896026306416,,,321.27,305.21,305.21,16.06,16.06,https://www.drogariaveracruz.com.br/jardiance-10mg-30-comprimidos-revestidos/p
20 Bi Probiótico com 30 cápsulas,Momenta,7891317031282,,,235.9,224.11,224.11,11.79,11.79,https://www.drogariaveracruz.com.br/regulador-intestinal-20-bi-30-capsulas-com-335mg/p
"Level 0,10mg + 0,02mg 63 comprimidos revestidos",Biolab Sanus,7896112448358,,,91.64,67.03,67.03,24.61,24.61,https://www.drogariaveracruz.com.br/level-010mg-002mg-63-comprimidos-revestidos/p
Ancoron 100mg 60 comprimidos revestidos,Libbs,7896094210981,,,40.77,30.21,30.21,10.56,10.56,https://www.drogariaveracruz.com.br/ancoron-100mg-60-comprimidos-revestidos/p
Cloreto de Magnésio PA Ifal 33g,Ifal,7898016412961,,,10.15,8.0,8.0,2.15,2.15,https://www.drogariaveracruz.com.br/cloreto-de-magnesio-pa-ifal-33g/p
Clenil HFA Spray 50mcg 200 doses 10ml,Chiesi Farmaceutica Ltda.,7896672202810,,,49.99,32.77,32.77,17.22,17.22,https://www.drogariaveracruz.com.br/clenil-hfa-spray-50mcg-200-doses-10ml/p
Neutrofer 250mg/ml Gotas 30ml,Sigma Pharma,7894916500296,,,65.29,55.2,55.2,10.09,10.09,https://www.drogariaveracruz.com.br/neutrofer-250mgml-gotas-30ml/p
"Annita 500mg, 6 comprimidos revestidos",Farmoquimica,7898040321512,,,80.34,65.64,65.64,14.7,14.7,https://www.drogariaveracruz.com.br/annita-500mg-6-comprimidos-revestidos/p
"Moment 0,25mg/ml 60ml",Apsen,7896637023122,,,70.98,62.04,62.04,8.94,8.94,https://www.drogariaveracruz.com.br/moment-025mgml-60ml/p
Aspirina 500mg 10 comprimidos,Bayer,7891106004213,,,11.76,10.61,10.61,1.15,1.15,https://www.drogariaveracruz.com.br/aspirina-500mg-10-comprimidos/p
"Descongestionante Inalante Vick Bastão 0,5g",Vick,7896093000217,,,17.78,16.89,16.89,0.89,0.89,https://www.drogariaveracruz.com.br/descongestionante-inalante-vick-bastao-05g/p
"Naramig 2,5mg 4 comprimidos revestidos",Gsk,7896269900983,,,28.11,23.5,23.5,4.61,4.61,https://www.drogariaveracruz.com.br/naramig-25mg-4-comprimidos-revestidos/p
Phosfoenema Laxante 130ml,Supera,7896676401776,,,20.95,18.51,18.51,2.44,2.44,https://www.drogariaveracruz.com.br/laxante-phosfoenema-130ml/p
"Condroflex 1,5g + 1,2g Sabor Abacaxi 30 sachês com pó para solução oral",Adium,7892953003817,,,157.65,106.33,106.33,51.32,51.32,https://www.drogariaveracruz.com.br/condroflex-15g-12g-sabor-abacaxi-30-saches-com-po-para-solucao-oral/p
Flancox 500mg 14 comprimidos revestidos,Apsen,7896637023238,,,52.13,28.22,28.22,23.91,23.91,https://www.drogariaveracruz.com.br/flancox-500mg-14-comprimidos-revestidos/p
Buscofem 400mg 10 cápsulas,Hypera,7896094921344,,,33.11,25.79,25.79,7.32,7.32,https://www.drogariaveracruz.com.br/buscofem-400mg-10-capsulas/p
Doss 7.000UI 12 cápsulas gelatinosas moles,Biolab Sanus,7896112400134,,,48.06,32.87,32.87,15.19,15.19,https://www.drogariaveracruz.com.br/suplemento-alimentar-doss-7000ui-vitamina-d3-12-capsulas-gelatinosas-moles/p
Kaloba 825mg/ml Gotas 20ml,Takeda,7896641804380,,,105.13,85.89,85.89,19.24,19.24,https://www.drogariaveracruz.com.br/kaloba-825mgml-gotas-20ml/p
Doss 50.000UI 8 cápsulas gelatinosas moles,Biolab Sanus,7896112400172,,,166.5,101.23,101.23,65.27,65.27,https://www.drogariaveracruz.com.br/suplemento-alimentar-doss-50000ui-vitamina-d3-8-capsulas-gelatinosas-moles/p
Def B 1.000mcg 30 comprimidos sublinguais,Biolab,7896112408666,,,52.5,38.9,38.9,13.6,13.6,https://www.drogariaveracruz.com.br/def-b-1000mcg-30-comprimidos-sublinguais/p
Traumeel S Pomada 50g,Herbarium,7898908753172,,,97.9,82.77,82.77,15.13,15.13,https://www.drogariaveracruz.com.br/traumeel-s-pomada-50g/p
Besomed Almeida Prado 60 comprimidos,Almeida Prado,7898037081252,,,56.9,50.27,50.27,6.63,6.63,https://www.drogariaveracruz.com.br/besomed-almeida-prado-60-comprimidos/p
